Feature,Importance
CustomerServiceCalls,0.4567008536933089
MonthlyCharge,0.36982149264046965
Age,0.1734776536662215
